Age_Group,Hiring_Rate
<20,0.36942675159235666
20-29,0.40166204986149584
30-39,0.49820359281437127
40-49,0.5128865979381443
50-59,0.44489247311827956
60+,0.34153005464480873
