Gender,Hiring_Rate
Female,0.3440797186400938
Male,0.544350580781415
