Ethnicity,Hiring_Rate
Asian,0.48205128205128206
Black,0.4965986394557823
Mixed,0.45161290322580644
Other,0.42168674698795183
White,0.44336681676480777
